Market_Cap,Last_Price,Priceâ€“earnings_ratio,Dividend_yield,Return_on_equity,Company_Key,Stock_Key
15.01m,0.20,-,5.13,-,4144,6764
432.96m,0.88,9.80,3.41,10.45,3778,3879
66.00m,0.10,-,0.00,-2.60,6365,5546
165.93m,0.40,0.01,0.00,-,7622,1598
1.604b,1.14,-,0.00,-,6676,9737
419.14m,1.35,11.73,3.70,9.06,5195,3224
30.35m,0.12,-,0.00,-2.12,8561,8161
5.465b,3.53,8.55,5.24,10.09,6011,5904
105.01m,0.35,-,2.83,-,1378,8732
71.67m,0.20,-,0.00,-2.31,9264,4718
67.74m,0.20,9.56,1.03,8.16,3470,9334
123.19m,0.25,64.10,0.00,0.91,1725,4321
71.05m,0.47,10.15,0.00,10.18,9685,9143
54.95m,2.68,-,0.00,-4.78,2691,4604
43.27m,0.02,-,0.00,-74.25,3199,8033
260.45m,0.39,17.49,0.00,7.69,6259,2040
1.923b,1.37,15.07,2.19,7.18,6578,8154
3.472b,13.60,9.50,3.57,16.38,1180,4160
4.403b,1.99,6.99,6.28,5.99,4725,3590
73.80m,0.41,36.94,0.00,1.22,4613,4788
102.85m,0.33,-,0.00,-,3167,4542
281.13m,0.87,-,0.00,-,1406,3020
41.34m,0.11,-,0.00,-16.47,8768,6613
1.509b,3.16,20.40,3.64,14.61,7183,6903
25.28m,0.10,-,0.00,-46.90,7640,4809
220.34m,0.15,19.23,0.00,9.75,4090,8746
9.291b,5.60,-,0.00,-6.82,2705,9253
701.62m,11.54,744.52,0.74,0.19,2023,6175
353.32m,1.16,17.19,0.00,5.08,1108,7050
45.95m,0.03,-,0.00,-,1615,3179
868.46m,1.18,11.51,6.61,7.92,1202,7011
108.81m,0.81,1.86,3.09,29.61,8417,8974
2.367b,13.30,5.06,4.74,11.18,9001,8935
27.84m,0.03,-,0.00,-,5190,3305
246.50m,0.43,63.43,5.41,0.66,3291,5257
12.925b,3.90,8.42,1.28,9.01,5684,1949
903.35m,1.41,19.05,1.77,6.67,9097,5039
51.36m,0.17,6.25,0.00,0.75,9967,9997
618.80m,1.19,-,0.00,-,3270,4929
247.10m,0.36,53.73,8.39,0.57,6968,5768
120.65m,0.45,-,0.44,-,8148,9582
72.68m,0.75,28.11,0.00,3.84,1617,7011
821.93m,5.00,18.70,4.80,19.24,4452,3032
156.06m,1.30,6.89,1.54,6.47,6541,5501
42.60m,0.09,-,0.00,-7.20,2770,5561
893.85m,0.97,13.11,0.00,5.29,1280,9445
97.67m,0.17,-,0.00,-42.18,6161,3940
523.62m,0.91,3.43,13.26,10.59,8468,6006
31.20m,0.32,0.52,0.00,38.50,7105,3669
16.74m,0.02,-,0.00,-21.37,4534,8909
282.00m,2.82,-,0.22,-,9368,3338
141.09m,1.25,-,8.00,-1.68,2163,5533
213.56m,1.00,15.65,13.00,4.07,4761,3007
356.83m,1.77,384.78,3.95,0.07,9438,7659
299.20m,3.74,20.84,2.67,6.21,2315,4940
78.93m,0.07,233.33,0.00,0.01,4638,9849
93.43m,0.53,5.00,4.29,11.40,3242,5524
133.81m,0.11,-,0.00,-,4564,7169
20.88m,0.30,-,0.00,-15.26,5229,6316
2.278b,0.39,3.54,0.00,13.76,4270,9980
341.07m,0.60,13.74,8.44,3.34,3232,1711
160.50m,0.51,-,0.00,-0.48,9735,4638
60.40m,0.07,-,2.31,-1.60,2064,6463
14.65m,0.07,-,0.00,-434.00,3163,1533
132.61m,0.57,6.94,1.75,8.21,2515,3975
333.08m,1.71,9.60,1.17,4.80,2650,8269
148.88m,0.10,-,0.00,-0.34,1112,8786
92.04m,0.11,-,0.00,-7.06,6251,9606
239.30m,0.49,4.93,2.06,9.64,1601,4545
100.70m,0.37,-,0.00,-,4686,7897
3.989b,0.77,9.25,8.82,36.92,5750,6027
60.01m,0.01,-,0.00,-43.89,8222,9581
361.31m,0.30,-,0.00,-6.93,8515,4717
676.96m,1.89,29.62,0.00,10.63,7875,5812
748.27m,2.95,1843.75,1.69,0.10,8162,2844
336.40m,1.37,19.54,7.12,5.43,3707,1827
77.89m,0.31,96.88,0.00,0.21,8508,8345
137.73m,0.22,-,0.00,-,8907,7333
102.00m,0.09,-,0.00,-2.59,3174,7836
339.52m,0.43,82.69,0.00,2.23,1676,3574
134.99m,0.42,6.20,3.57,9.56,6110,7778
24.044b,2.62,75.94,5.53,1.91,4946,8331
3.102b,1.89,13.87,5.02,8.77,4044,8265
69.81m,0.14,53.85,0.00,1.00,7672,8686
471.57m,6.30,16.79,1.59,5.16,1794,4967
159.01m,0.38,1.75,10.53,21.75,4854,5298
104.63m,0.18,-,0.00,-24.92,1707,5999
98.88m,0.44,-,1.52,-,5969,9117
378.13m,0.31,30.81,0.00,0.10,5845,8243
25.07m,0.03,0.27,0.00,2297.50,9637,5608
2.930b,10.26,10.63,9.55,70.99,6377,3015
2.177b,1.87,11.12,4.68,31.01,5681,9139
86.63m,0.21,4.32,0.00,4.12,3542,1736
40.68m,0.02,-,0.00,-7.67,5720,9236
80.52m,0.27,12.86,2.83,1.35,4934,6120
87.69m,0.09,-,0.00,-9.39,2410,4112
13.65m,0.06,-,0.00,-2.38,8144,9315
429.15m,1.43,20.66,5.59,6.41,7135,3914
93.17m,0.38,9.72,0.00,11.03,5029,1808
40.31m,0.64,10.00,0.00,10.58,2177,4589
5.539b,2.57,13.70,4.25,6.07,9041,7245
77.66m,0.20,16.13,0.00,3.65,1012,7811
68.25m,0.08,16.33,0.00,1.96,9645,3010
124.03m,0.09,-,0.00,-7.77,5646,2599
2.397b,5.21,6.27,2.30,22.24,8182,3896
729.07m,0.29,-,0.00,-2.95,2027,5981
1.377b,0.24,25.27,0.00,0.86,5692,5277
1.685b,0.87,13.73,1.27,4.68,8556,6607
1.300b,0.26,-,0.00,-6.46,3350,5814
7.991b,20.00,6.34,5.50,17.01,9344,9039
833.09m,8.91,11.27,0.56,10.25,1073,3171
335.40m,0.65,23.30,2.69,6.07,6314,7526
389.03m,1.93,8.64,9.84,11.27,1686,7937
230.90m,0.03,4.31,0.00,5.27,8553,1960
124.85m,1.04,-,0.00,-106.37,2778,7767
1.355b,0.61,1.97,16.61,23.13,3614,5106
396.96m,1.41,9.51,5.67,17.24,2264,8174
55.92m,0.04,-,0.00,-37.82,9018,5177
34.91m,0.17,22.67,0.00,1.34,5703,4167
22.29m,0.08,2.23,0.00,6.65,3767,3518
1.155b,0.57,2.32,0.00,13.75,3185,1713
64.26m,0.26,6.93,3.14,11.50,7729,1995
19.67m,0.12,-,0.00,-38.56,5543,3831
5.026b,6.21,18.45,6.60,33.65,5593,3878
40.68m,0.30,-,0.00,-,2452,2696
336.91m,0.48,8.32,0.00,8.13,3748,8315
39.33m,0.22,-,0.00,-,8751,5825
73.60m,0.29,-,1.75,-,5668,4282
59.04m,0.30,4.95,3.33,8.91,6039,3185
666.77m,3.47,-,1.15,-2.52,3328,5709
13.62m,0.01,-,0.00,-,7486,2172
2.601b,0.63,-,0.00,-,8205,8665
140.39m,0.25,-,16.33,-19.26,9244,4548
121.62m,0.52,17.93,11.54,3.98,8078,8165
6.879b,22.50,24.75,2.49,197.61,6942,8300
52.96m,0.60,-,0.00,-,9968,2137
24.91m,0.19,-,0.00,-90.00,2979,3927
532.71m,1.08,6.08,3.70,10.21,6596,2109
173.81m,0.45,-,0.00,-,7721,6532
416.27m,0.66,11.52,1.89,10.81,9447,7138
107.99m,0.56,22.75,3.60,7.18,4606,5279
360.27m,0.44,-,0.84,-,1709,9104
138.07m,0.25,8.14,3.00,17.54,4441,5900
195.84m,0.62,2.94,4.88,16.34,2569,8558
70.15m,0.94,-,0.00,-16.85,4272,9029
398.03m,1.15,-,0.35,-,6104,6756
441.80m,1.88,-,10.64,-,2097,4662
114.62m,0.92,166.36,0.00,0.90,2719,2636
53.49m,0.11,-,0.00,-5.03,7072,6687
471.44m,1.00,-,0.00,-,6148,3988
106.50m,0.36,11.02,0.00,1.19,6808,1589
5.098b,2.88,66.98,0.17,5.89,5042,4518
748.27m,8.19,7.45,5.13,12.30,4682,6485
491.23m,1.64,5.12,8.17,13.81,6156,3750
189.63m,0.96,2.30,5.21,8.55,6421,1879
70.84m,0.42,9.72,4.31,2.35,6850,4553
437.40m,2.70,6.51,4.44,20.44,1258,2082
53.733b,5.13,15.52,4.48,5.74,1843,2183
256.48m,0.24,25.27,0.00,5.81,5477,8151
285.23m,0.48,8.47,1.04,7.56,9000,3761
1.189b,0.54,-,3.61,-0.24,6379,2981
78.96m,0.10,-,0.00,-,6413,9249
44.71m,0.05,-,0.00,-9.62,8651,4554
880.99m,0.82,4.64,2.44,6.14,7208,8957
51.40m,0.28,-,0.00,-9.23,2865,4858
527.88m,1.06,-,0.00,-,7456,2101
36.00m,0.05,500.00,0.00,0.10,4363,1676
40.08m,0.06,-,0.00,-1.89,7492,8660
1.030b,1.91,5.65,0.00,13.13,5729,8020
677.25m,1.48,24.10,3.38,10.59,9169,9144
12.60m,0.09,-,0.00,-25.87,1302,4707
285.65m,0.49,-,13.27,-,3735,3950
45.84m,0.01,-,0.00,-4.00,3529,5006
351.23m,0.82,25.47,0.00,16.95,2712,7001
84.92m,0.48,-,0.00,-9.40,8498,3190
300.09m,1.07,9.40,3.74,3.40,4768,5300
165.16m,0.21,-,6.10,-,3761,2557
290.60m,1.20,25.70,0.00,7.66,4677,4984
452.20m,1.19,5.80,11.76,8.65,5132,7080
48.35m,0.04,-,0.00,-2.01,1420,5526
3.095b,1.34,52.96,0.88,11.50,6870,8565
188.98m,0.20,-,0.00,-12.18,8078,7611
88.00m,0.88,31.65,5.68,0.67,3468,6996
52.53m,0.32,31.37,0.00,1.67,3038,1872
64.00m,0.64,24.06,1.56,4.17,7316,2937
253.50m,0.43,3.73,0.00,5.34,5327,4609
4.986b,4.03,48.38,0.37,12.95,7741,1859
163.74m,0.37,10.22,5.41,8.23,5231,2213
118.07m,0.18,-,0.00,-10.42,7617,6530
1.285b,1.11,-,1.35,-15.38,8413,2419
156.85m,0.48,-,0.00,-11.88,8618,8268
277.07m,0.69,10.45,3.19,7.10,2640,5692
116.45m,0.07,-,0.00,0.00,7274,5181
44.35m,0.42,75.00,0.00,1.01,5166,3029
52.20m,0.07,87.50,0.00,0.02,2715,3857
26.79m,0.02,-,0.00,-7.05,8095,3020
11.235b,1.99,22.11,1.56,10.04,3899,8286
26.280b,3.38,24.48,4.41,197.29,3883,7725
33.22m,0.10,-,0.00,-210.00,1370,4540
301.80m,100.60,-,0.00,-,8560,8933
102.50m,102.50,-,0.00,-,1581,6716
203.94m,2.20,15.66,1.36,3.12,9714,3818
712.61m,4.52,6.95,2.43,13.02,9838,3030
1.985b,31.02,8.07,1.61,60.14,7667,5498
2.415b,0.77,4.39,0.78,29.51,1718,9604
31.94m,0.09,-,0.00,-,5839,2017
8.86m,0.02,-,0.00,-371.00,5077,5130
26.76m,0.02,-,0.00,-52.27,7000,8658
148.72m,0.90,4.97,5.56,8.62,6297,8970
1.238b,1.30,17.86,1.67,10.87,7023,6515
138.72m,0.19,26.76,2.11,6.45,2318,7711
67.01m,0.10,17.92,0.00,2.41,4513,4116
2.533b,1.31,30.97,1.53,1.12,3011,2636
1.377b,0.47,49.47,1.27,7.77,2830,5674
281.64m,0.90,-,0.00,-,9153,7612
1.397b,2.57,16.29,2.72,24.66,3152,4916
219.99m,0.26,-,3.85,-3.69,2132,4345
54.00m,0.50,-,2.40,-,9891,1800
649.76m,0.44,9.09,0.00,4.00,4637,6631
64.52m,0.01,-,0.00,-11.50,1416,4202
34.48m,0.07,0.43,0.00,759.00,9481,3004
81.59m,0.17,-,0.00,-1.88,6598,6157
417.52m,0.36,-,0.00,-2.07,7350,9760
34.42m,0.09,-,0.00,-11.09,7186,5906
281.75m,0.81,41.93,0.62,21.33,5243,3841
248.06m,0.18,-,0.00,-10.25,7510,7190
1.796b,0.61,9.06,6.56,4.15,6279,3384
33.00m,0.55,63.22,3.18,1.79,3690,1743
78.10m,0.17,50.00,0.00,0.49,1434,2857
956.37m,1.15,19.20,2.61,3.22,5091,3676
45.69m,0.02,-,0.00,-26.00,2773,2365
124.10m,0.18,-,0.00,-2.18,9012,9500
226.55m,0.41,21.09,3.70,10.11,2729,6369
206.38m,0.64,24.80,0.79,13.76,8475,1770
195.98m,0.47,19.26,0.00,2.52,3765,3519
100.30m,0.30,-,0.00,-,6037,8795
78.27m,0.33,-,3.03,-0.43,1774,4104
191.18m,0.74,8.77,4.08,10.35,3251,1690
876.14m,0.33,-,0.00,-5.21,4418,1732
100.17m,0.61,-,0.00,-8.29,3403,3230
403.27m,1.33,10.51,3.95,8.44,3959,7094
423.59m,0.63,25.41,2.40,15.38,1005,6904
183.18m,0.66,5.30,0.00,8.30,6880,6751
36.35m,0.30,-,0.00,-1.46,1355,3427
66.50m,0.21,-,0.00,-3.25,6190,5419
65.10m,0.14,-,0.50,-,7726,8388
43.11m,0.37,-,0.00,-10.60,7865,8417
257.13m,0.58,3.38,1.72,9.27,1501,4988
96.71m,0.71,43.29,10.42,2.05,1763,8855
247.22m,1.13,-,0.00,-1.98,8127,9909
46.92m,0.20,-,4.10,-4.56,4994,8217
111.13m,0.21,2.29,21.43,35.35,2257,3116
36.83m,0.15,-,0.00,-,2694,4186
103.04m,0.81,3.60,1.86,6.71,2251,2829
61.73m,0.07,-,0.00,-32.36,3992,3832
51.53m,1.16,-,0.00,-11.76,2706,5510
83.24m,0.21,-,0.00,-,6482,8695
300.48m,0.36,5.21,4.23,5.36,9489,2359
90.48m,0.30,28.04,1.67,1.29,1989,2198
624.00m,0.26,-,23.08,-7.73,6436,6779
7.922b,21.60,23.10,2.78,11.84,2705,3904
93.68m,1.10,12.84,0.00,3.39,5717,7193
212.24m,0.29,23.55,3.51,2.30,6732,4228
2.185b,3.68,9.33,3.53,17.00,7564,8755
41.26m,0.25,-,0.00,-4.48,8480,5127
19.05m,0.16,-,0.00,-25.38,5388,3711
364.11m,1.55,9.68,54.84,6.40,7745,2139
65.88m,0.31,-,7.54,-,4506,4146
259.99m,1.04,10.79,0.00,11.76,2953,1811
2.991b,1.61,-,0.66,-,4502,7246
5.144b,1.41,3.20,5.67,27.54,2113,8673
524.65m,0.99,15.89,3.23,5.66,5518,3395
33.81m,0.35,10.00,2.46,6.16,6636,6851
73.74m,0.53,5.60,0.95,10.14,6670,6015
458.64m,1.87,6.57,8.02,11.43,9995,3667
59.23m,0.01,-,0.00,-34.76,5198,4004
46.56m,0.08,-,0.00,-,3290,2905
146.44m,1.29,4.49,6.20,15.97,9682,2105
59.78m,0.21,42.86,4.76,490.00,3336,2873
295.98m,0.53,6.50,7.55,12.55,6919,5530
95.58m,0.02,-,0.00,-,5439,4521
242.55m,0.74,8.95,2.72,31.10,3607,5965
312.61m,0.58,25.33,2.61,11.88,2003,1790
764.07m,2.99,7.15,6.69,25.02,4122,4784
4.345b,2.75,37.62,1.45,22.15,2432,6711
37.33m,0.21,-,0.00,-105.00,6540,8623
72.57m,0.03,-,0.00,-23.50,3175,7043
222.06m,0.31,5.34,2.30,5.01,3114,9742
10.183b,3.93,12.63,3.05,8.02,8589,2007
4.173b,3.25,12.63,5.44,28.37,3760,3335
152.30m,0.28,7.98,0.00,3.86,7843,6161
150.72m,0.47,-,0.00,-6.51,1205,4918
2.460b,2.19,13.40,1.83,12.06,7011,1867
63.04m,0.32,-,0.00,-0.80,4057,4721
159.38m,0.17,6.09,8.24,17.44,8515,6489
648.76m,0.12,-,1.74,-,1840,4343
1.609b,2.36,24.13,0.00,39.12,9507,8810
16.567b,2.79,-,3.23,-1.82,7891,8892
5.151b,5.74,8.53,5.23,11.39,7973,3753
17.368b,4.48,-,2.46,-2.29,6894,7650
97.37m,0.89,10.08,0.00,8.28,7350,1951
83.43m,0.15,8.48,1.17,7.12,6736,1794
878.95m,0.77,34.38,0.00,4.92,3121,5429
41.39m,0.07,-,0.00,-,2823,9656
276.00m,0.49,9.51,5.10,5.00,7003,2794
74.68m,0.34,-,0.00,-5.69,6519,7154
224.03m,0.28,5.61,5.36,3.33,4814,6689
122.45m,0.46,7.39,6.59,6.16,6280,7102
107.05m,0.29,7.00,3.51,3.99,7275,2576
4.33m,0.02,4.29,0.00,-,8287,3264
115.94m,0.26,5.86,0.00,7.50,8078,9207
31.67m,0.02,-,0.00,-17.68,9238,8842
53.47m,2.46,-,0.00,-,6350,7256
161.40m,0.40,-,3.75,-0.94,4376,5973
56.11m,0.04,-,0.00,-191.60,4295,2314
25.99m,0.19,5.39,4.86,7.00,6644,3003
45.76m,0.30,-,0.00,-,3287,2892
4.332b,3.46,39.10,0.00,22.75,1399,3129
66.75m,0.20,11.49,1.50,8.53,5532,5098
783.25m,1.17,14.29,6.41,18.20,6145,2037
124.72m,0.45,12.86,0.00,1.98,5868,4893
462.30m,0.66,17.60,3.03,1.91,2475,3871
60.63m,0.34,11.15,1.65,6.93,1878,6415
31.29m,0.13,-,0.00,-52.78,4498,3438
15.237b,6.12,15.69,5.72,12.91,9267,2826
428.43m,1.07,2.89,2.34,24.16,2417,7968
401.35m,5.86,7.72,5.12,13.04,8682,5600
375.59m,1.77,-,0.00,-3.39,3012,6246
5.690b,1.66,5.35,34.34,20.83,4185,2371
96.25m,0.13,-,0.00,-20.20,5860,5880
977.33m,2.15,2150.00,0.00,0.19,4535,8260
7.214b,23.88,20.83,3.39,87.51,8584,1975
249.77m,0.53,-,5.09,-2.92,4490,8097
1.233b,4.11,1.47,2.43,53.33,5094,3761
207.23m,0.37,17.80,2.74,2.73,1098,3831
366.20m,0.40,9.39,0.00,6.17,1658,9921
487.62m,0.43,81.73,0.00,2.89,8092,7965
2.311b,1.76,44.11,1.25,21.00,6095,8708
617.52m,4.80,48.29,8.33,7.42,2262,8179
164.31m,0.82,27.70,9.15,2.35,6068,9112
276.11m,0.37,18.14,0.00,9.71,1727,8460
55.88m,0.14,10.00,0.00,7.00,5613,9450
367.02m,0.21,2.35,4.76,12.23,4802,6784
1.690b,0.84,2.76,1.79,28.47,4915,7567
116.96m,0.96,10.51,3.12,9.24,3920,9732
310.65m,0.93,9.26,2.15,8.23,4833,6890
44.438b,20.50,13.51,2.68,10.03,2209,2181
1.528b,6.19,21.09,4.20,7.32,2704,5547
21.183b,18.46,8.64,2.17,9.98,1984,4935
2.981b,9.09,14.13,5.72,10.62,7607,5110
128.89m,0.18,-,0.00,-10.71,2544,8788
110.87m,0.10,18.87,0.00,2.08,4775,6307
128.66m,0.26,-,0.00,-9.98,6762,6238
231.62m,0.50,7.65,3.20,12.82,3853,5156
1.660b,0.33,-,0.00,-,4969,7895
126.47m,0.39,9.82,4.55,9.56,1039,7568
163.14m,0.42,19.44,3.57,7.20,9200,9798
1.544b,1.93,4.89,8.81,16.38,6883,6614
198.34m,0.40,33.33,0.00,2.55,9991,5537
72.88m,0.72,-,0.00,-18.68,9819,4544
79.20m,0.18,90.00,0.00,0.16,8441,3194
171.60m,0.04,13.33,0.00,7.50,5004,7277
423.07m,0.84,135.48,0.00,0.85,1550,6887
528.00m,0.66,22.37,3.79,16.39,7304,6446
39.66m,0.53,-,0.00,-,2508,7166
69.57m,0.11,-,0.00,-2.00,7530,9597
272.85m,0.24,24.24,0.00,0.98,3626,5183
289.40m,0.53,11.78,3.77,5.70,8667,4513
275.80m,1.97,-,10.15,-0.46,1313,2586
256.96m,0.10,7.92,0.00,8.39,6729,2203
61.86m,0.11,7.59,0.00,4.03,5882,2896
117.43m,0.22,-,0.00,-,9393,4605
45.00m,0.09,-,1.11,-,2458,2765
875.00m,1.75,12.58,0.00,11.40,8149,5289
167.28m,0.28,98.21,3.64,1.40,4166,3730
2.028b,2.24,7.58,6.70,7.09,6637,8025
1.292b,0.56,22.11,3.48,2.54,3119,9945
5.733b,1.60,20.41,3.77,7.37,6465,9637
36.71m,0.12,-,0.00,-52.19,7406,6215
51.956b,5.90,24.63,1.02,8.23,2333,1965
-,99.20,-,-,-,5227,2474
6.091b,1.67,7.99,3.59,7.52,1690,8628
85.81m,0.44,21.26,0.00,1.72,7154,2129
398.40m,4.98,182.42,0.70,1.73,6379,9329
28.89m,0.02,-,0.00,-12.19,6046,4699
9.399b,2.52,24.05,3.97,15.50,2615,4422
172.51m,0.41,-,0.00,-1.29,9208,5437
152.56m,0.42,-,0.00,-,8429,8278
98.79m,0.10,7.25,0.00,16.63,4270,1827
388.23m,0.55,20.83,5.45,12.88,9832,2596
61.34m,0.44,15.94,0.00,9.75,8919,6966
641.67m,1.34,5.44,16.42,36.22,2806,7425
526.94m,0.76,2.45,3.29,9.37,3573,9560
117.76m,0.22,12.94,4.55,6.07,6385,6638
23.695b,3.77,13.73,3.71,15.60,6966,4659
5.148b,0.94,7.50,2.14,3.36,2103,2783
54.58m,0.62,-,0.00,-6.73,5394,9194
8.87m,0.04,-,0.00,-10.33,8655,4802
110.48m,0.49,-,0.00,-,7684,5610
391.55m,0.12,52.17,0.00,2.30,1042,6827
35.00m,0.08,-,0.00,-35.20,6417,5586
31.86m,0.07,-,0.00,-28.70,1864,5729
234.89m,0.26,-,0.00,-3.82,7334,6946
96.28m,0.23,19.83,0.00,1.81,2557,3392
80.74m,0.08,-,0.00,-8.70,3631,2113
212.43m,0.34,13.29,1.49,6.98,2095,3120
521.83m,0.25,13.16,0.00,2.84,9340,4238
65.18m,0.15,111.54,0.00,0.93,8205,6191
190.78m,0.70,8.89,7.55,11.33,3084,4752
165.04m,1.25,7.40,2.80,6.31,5631,7478
287.11m,0.14,192.86,0.00,0.17,8845,3819
2.46m,0.03,-,0.00,-,7040,4268
56.27m,0.21,-,0.00,-8.75,6863,2069
588.68m,0.64,34.14,1.57,13.19,5275,7756
574.33m,1.03,16.14,0.00,13.29,7321,6450
55.10m,0.23,-,0.00,-2.27,1075,5988
110.52m,0.47,-,0.00,-,9513,7768
238.87m,0.11,9.55,0.00,4.78,1218,7419
45.89m,0.02,-,0.00,-37.67,4269,4007
52.56m,0.05,-,0.00,-4.32,2414,2883
194.28m,0.55,6.69,0.00,16.78,4609,6852
467.38m,0.48,3.44,5.83,10.64,1183,3662
87.36m,0.11,-,0.00,-6.52,2837,5548
813.60m,0.45,300.00,0.00,2.14,7727,3214
32.67m,0.17,6.47,0.00,2.20,7965,8655
24.12m,0.04,-,0.00,-5270.00,1173,9311
379.25m,0.36,-,0.00,-1.37,7510,6104
80.87m,0.17,10.06,5.88,7.04,9669,3204
775.71m,2.15,20.81,1.40,9.84,2363,6740
124.15m,1.14,5.69,1.32,14.94,2881,3961
78.61m,0.41,13.44,0.00,1.59,6314,4786
647.47m,0.88,7.29,11.93,8.75,3259,4805
1.457b,1.15,13.01,3.04,9.21,2067,6431
290.35m,6.75,174.42,1.33,0.46,5403,9380
40.89m,0.03,-,0.00,-25.00,7170,4776
539.06m,1.91,4.98,7.85,12.33,1853,5194
851.73m,1.32,20.89,1.14,19.33,9145,9067
36.78m,0.01,-,0.00,-31.82,7752,3083
13.73m,0.10,-,0.00,-,7264,5180
117.29m,2.79,4.89,1.79,11.74,9616,4921
98.80m,0.26,17.33,3.85,7.32,3190,3712
19.82m,0.32,-,0.00,-5.94,2029,9909
91.04m,0.59,-,3.42,-11.58,9318,3505
229.70m,0.65,-,1.54,-1.29,2731,6416
515.27m,0.89,6.83,7.64,11.89,9385,4062
404.22m,1.40,22.40,3.57,4.63,5712,1741
11.897b,6.59,22.35,5.10,4.11,9571,3521
-,2.05,-,-,-,4457,1574
-,1.82,-,-,-,5450,3415
22.377b,20.70,9.60,4.83,17.20,8254,6016
253.95m,4.02,-,0.78,-1.38,5571,7090
1.628b,1.68,10.08,8.33,18.73,5547,5059
367.83m,0.10,-,0.00,-,5654,1948
51.82m,0.52,-,0.00,-,4803,7399
857.86m,2.63,16.73,0.76,13.91,5826,6086
28.87m,0.05,-,0.00,-,8620,3583
2.763b,1.08,3.13,44.44,22.80,2259,4185
628.97m,4.25,10.13,2.12,25.43,2306,9468
3.559b,0.79,44.38,1.27,3.71,2176,6318
248.09m,0.62,3.12,1.61,13.53,5172,3817
362.74m,0.68,6.42,6.67,5.42,1621,9520
88.70m,0.60,4.42,0.00,7.00,2311,2270
1.187b,0.51,5.86,1.96,24.67,3635,8441
323.25m,0.45,16.19,0.00,4.96,7764,8454
1.229b,3.40,7.58,1.47,6.89,7908,8094
804.07m,0.78,6.41,0.00,3.86,5543,7060
83.59m,0.65,10.14,1.38,7.40,8409,8006
86.91m,0.19,-,0.00,-,7838,8724
132.96m,0.20,6.59,0.00,12.33,5201,3010
294.93m,0.53,16.11,2.83,3.70,6372,5243
163.35m,1.32,-,1.33,-26.51,5591,4338
86.52m,0.57,7.78,0.00,11.63,3183,2712
282.45m,0.10,19.79,5.26,1.28,1689,2286
1.063b,1.27,5.33,5.12,20.70,3055,9868
61.62m,0.04,-,0.00,-,5351,7387
114.16m,0.17,-,0.00,-2.37,5603,9561
166.57m,0.23,11.90,1.33,3.15,7636,6191
206.55m,0.48,4.04,5.26,13.69,3367,3933
55.94m,0.50,30.30,6.00,1.29,1146,6003
619.85m,0.40,5.21,4.68,8.61,6966,6098
3.099b,1.34,15.99,29.10,1.50,5608,4122
127.61m,0.94,222.62,0.00,0.49,9859,9178
105.72m,0.63,11.11,3.97,14.18,1126,6423
167.09m,0.49,1.58,8.16,18.67,5171,7404
76.13m,0.10,-,0.00,-16.91,5450,3010
510.72m,1.12,-,0.00,-,4076,6974
1.679b,0.46,37.10,1.43,2.39,3755,8012
119.37m,0.33,-,0.00,-33.05,4658,8314
437.40m,0.81,7.90,3.29,3.93,4489,8039
215.37m,0.30,-,0.00,-,5292,3736
101.89m,0.44,-,0.00,-,9707,5037
2.675b,4.95,14.71,5.05,14.05,8314,5622
29.15m,0.03,-,11.67,-,5867,5456
147.75m,0.15,46.77,0.00,4.43,6590,5002
4.940b,12.40,16.65,5.97,13.97,5892,6551
170.90m,0.48,-,2.19,-,5236,8377
72.97m,0.52,4.10,2.88,9.32,9650,2631
201.79m,1.41,-,0.00,-3.09,4493,5861
287.15m,0.10,25.00,0.00,3.80,7528,7516
572.38m,0.54,8.71,5.05,11.16,6051,5647
103.42m,0.18,-,0.00,-25.43,8781,8879
69.85m,1.68,12.49,0.60,3.43,9757,9891
65.15m,0.09,-,0.00,-46.75,5382,5366
105.49m,0.40,-,0.00,-,8696,9013
252.58m,0.18,14.46,0.00,2.42,9776,7382
192.69m,0.48,3.07,0.00,12.31,3124,7644
759.41m,1.75,8.02,3.71,12.19,6409,5067
2.042b,1.42,60.68,1.76,1.42,3930,7869
1.190b,0.49,7.15,5.41,4.79,4072,5029
3.075b,0.62,12.47,8.29,4.36,3394,6556
77.25m,1.03,-,0.00,-1.36,5421,8058
211.26m,0.40,-,0.00,-,6950,4424
426.04m,1.97,10.30,3.55,4.43,1030,4567
163.42m,0.16,8.47,3.23,7.96,8576,6677
173.17m,0.26,5.94,0.00,3.40,1901,7692
99.95m,1.83,6.35,5.46,11.76,3741,1765
215.03m,0.09,37.50,2.22,2.18,8587,2791
1.802b,1.44,8.18,5.79,7.69,8009,7232
225.57m,0.18,29.03,5.56,1.74,4401,3924
27.484b,3.51,22.15,4.84,18.87,2458,4668
102.756b,8.58,13.44,6.76,9.02,6593,2948
355.00m,0.36,1.65,0.00,38.12,9029,9886
87.02m,0.35,3.36,0.00,15.55,6956,3165
1.274b,3.26,4.76,7.98,13.37,6622,8712
155.79m,0.08,34.78,0.00,2.30,7912,6599
4.124b,0.58,23.96,5.22,2.01,9972,9076
55.32m,0.99,6.88,0.00,8.44,5688,5397
2.463b,1.88,29.47,0.00,1.45,3556,6869
27.61m,0.14,-,0.00,-45.70,6936,8460
33.94m,0.18,-,0.00,-,5841,7532
160.27m,0.11,-,0.00,-2.97,5529,3492
449.23m,0.41,7.69,3.70,9.17,3687,5757
269.96m,0.16,32.65,3.94,1.22,2948,6061
35.52m,0.06,-,0.00,-4.70,5627,6919
63.60m,0.53,3.36,1.89,8.01,1958,9515
80.87m,0.23,2.26,9.91,8.72,3697,2937
263.25m,0.52,21.76,0.00,3.41,3317,7792
40.60m,0.58,-,0.00,-7.00,6294,8023
56.26m,0.88,-,0.00,-27.98,1344,6199
22.84m,0.03,-,0.00,-6.09,1698,3486
57.40m,0.48,9.21,0.00,6.51,6337,9309
353.57m,0.38,65.52,0.34,5.27,9190,9231
-,0.83,-,-,-,7068,7423
25.74m,1.67,-,0.00,-,8310,7568
144.00m,1.20,10.22,5.00,3.42,5052,5686
3.262b,3.30,6.74,2.05,18.00,3971,5035
76.80m,0.24,-,1.04,-,8836,2193
576.35m,0.57,7.22,3.54,6.12,9478,2351
281.03m,0.48,13.89,1.92,4.02,3894,7703
88.19m,0.71,12.24,0.00,19.33,5057,9594
624.00m,0.39,-,0.00,-6.17,4341,1913
171.98m,0.88,3.20,6.86,17.90,6409,4243
413.20m,0.67,-,0.99,-,7387,9511
1.107b,1.23,17.37,4.07,6.16,1373,7087
646.63m,0.61,24.69,0.83,12.25,9581,8894
600.00m,0.60,31.25,0.00,4.57,1671,4384
94.28m,0.16,19.28,0.31,4.61,2533,8838
175.12m,0.75,75.25,0.00,5.50,5402,3807
72.70m,0.06,15.71,0.00,2.33,3804,6854
35.65m,0.03,-,0.00,-24.86,8612,2417
112.37m,0.32,8.75,0.00,3.24,2875,9697
30.175b,6.76,24.73,4.88,3.37,2072,5928
147.47m,0.19,-,0.00,-1.83,2865,2268
69.68m,0.25,15.12,0.00,2.25,7537,8113
674.53m,1.15,6.37,3.04,5.84,2010,5259
162.98m,0.14,9.85,0.00,1.34,7201,3252
14.49m,0.01,-,0.00,-9.68,3523,8902
59.61m,0.04,-,0.00,-5.67,7912,4350
144.00m,0.24,-,0.00,-,3021,1934
143.82m,0.70,12.15,2.88,15.89,8136,5695
22.87m,0.01,-,0.00,-14.32,6619,1572
83.79m,0.21,-,0.00,-,3426,7968
736.10m,0.94,13.49,2.66,2.24,7647,1826
129.50m,0.19,11.64,2.70,19.88,4219,1847
81.83m,0.10,-,0.00,-4.20,7367,2251
10.07m,0.04,-,0.00,-25.89,2512,8863
1.001b,1.40,61.67,3.57,0.87,9202,1892
6.032b,28.74,18.34,1.22,15.57,3156,2898
40.11m,0.18,-,0.94,-,6246,9882
37.53m,0.03,-,0.00,-,8069,1850
1.340b,0.30,18.87,3.33,1.58,8170,3947
18.571b,1.97,40.29,1.00,35.69,8518,7563
613.20m,1.46,3.12,4.79,29.85,5072,8386
562.38m,0.80,29.63,3.75,1.16,1862,8962
77.92m,1.29,8.79,3.88,8.48,1854,7234
310.14m,0.46,10.32,6.59,14.70,7610,8076
37.07m,0.04,-,0.00,-,5383,8429
22.97m,0.02,-,0.00,-0.96,2613,5506
527.74m,1.73,23.90,2.89,1.66,9919,9711
207.64m,0.16,14.68,0.00,5.45,2956,8320
25.95m,0.46,3.18,0.00,10.56,1943,7192
301.68m,0.42,-,0.00,-0.64,3225,3852
290.32m,0.09,-,0.00,-71.00,8553,2661
122.25m,0.16,8.25,3.12,4.75,8434,6318
709.49m,2.28,1.55,0.00,13.11,3920,9250
139.00m,0.43,2.63,7.06,10.72,5755,4909
6.356b,0.85,19.14,1.51,19.14,6284,4955
142.31m,1.04,-,0.00,-,3532,1975
23.13m,1.18,-,0.00,-,8166,1625
293.33m,0.43,-,0.00,-12.64,9497,5587
120.83m,0.54,68.35,0.00,4.65,2548,5362
260.08m,0.44,15.26,4.60,5.82,1888,6503
207.08m,0.28,-,0.00,-0.53,7899,4469
231.21m,0.45,-,17.56,-3.80,9370,3100
413.25m,0.39,9.37,0.00,8.90,5324,3534
279.15m,0.43,23.22,0.00,9.15,5516,4689
30.602b,130.50,48.20,1.85,88.78,4549,7021
41.80m,0.05,-,0.00,-9.94,3713,6669
22.08m,0.01,-,0.00,-13.81,5911,2169
634.83m,0.81,52.60,0.00,4.67,5589,8483
214.95m,2.60,8.57,3.46,4.96,9873,9594
105.30m,0.12,-,0.00,-17.17,3174,8249
56.96m,0.10,-,0.00,-5.32,9518,3491
159.86m,0.31,-,0.00,-1.99,7410,1575
289.57m,0.91,18.16,3.30,15.66,9505,8779
117.63m,0.10,-,0.00,-37.80,1010,2097
110.00m,0.28,-,0.00,-,3858,4691
225.60m,1.88,8.09,0.00,5.24,5519,1907
34.27m,0.23,-,1.09,-,6721,7610
266.07m,3.79,8.59,3.69,5.42,8662,6166
443.66m,0.40,32.64,4.05,2.63,7405,2563
132.71m,0.24,-,0.00,-87.50,1300,1741
34.98m,0.18,-,0.00,-199.62,4397,3292
73.02m,0.71,-,0.00,-8.46,1683,1783
453.44m,0.43,16.60,1.16,4.32,7945,1839
73.02m,0.28,14.58,2.86,4.39,1012,2352
89.10m,0.09,-,0.00,-7.40,8509,2140
268.80m,1.12,12.47,2.50,9.66,5234,9634
450.64m,0.97,8.08,3.61,8.57,5027,2891
192.64m,0.79,10.51,5.73,9.58,1648,8561
71.64m,0.07,-,0.00,-3.74,6678,7690
186.97m,0.35,-,0.00,-11.28,5457,1619
1.300b,1.76,-,0.00,-,3922,5622
168.98m,0.60,-,0.00,-,1272,1943
221.87m,0.80,79.50,0.00,1.72,4245,3202
156.39m,0.35,13.21,2.86,14.72,8970,3767
405.00m,0.75,25.08,2.53,27.18,8187,9847
79.32m,0.32,-,0.00,-,9718,2078
4.026b,6.49,7.07,6.16,8.09,2588,4721
77.51m,1.03,17.58,1.94,2.27,3113,7070
1.812b,0.87,4.89,5.78,6.68,1988,3973
80.03m,0.41,3.33,4.94,11.17,6975,2905
97.47m,0.09,-,0.00,-6.12,6205,8629
67.19m,0.16,8.84,0.00,12.07,8282,7777
200.34m,0.47,-,0.00,-8.13,9472,9158
293.75m,1.02,6.90,8.43,11.64,4793,4381
353.01m,0.26,8.17,1.96,18.14,4305,4910
2.072b,3.15,13.45,3.17,17.35,5335,6857
1.386b,22.82,30.73,3.64,5.81,8570,5258
283.09m,0.61,32.97,1.23,2.80,1932,4005
516.55m,0.62,6.20,6.50,10.67,9022,2783
51.63m,0.29,-,0.00,-3.59,4335,2082
124.07m,1.48,-,0.00,-41.38,3492,4311
419.80m,0.68,10.83,4.44,2.70,8233,5854
149.36m,0.13,-,0.00,-,5599,8618
39.48m,0.14,-,0.00,-2.20,5844,1766
32.85m,0.07,-,0.00,-,1231,9558
130.12m,0.33,47.79,0.00,0.74,2623,4450
38.11m,0.02,-,0.00,-13.00,4615,8649
3.850b,1.26,19.87,3.50,5.12,9851,6242
245.14m,0.74,4.79,3.04,6.69,1700,3827
82.107b,4.23,14.77,3.59,11.32,6230,4105
138.44m,0.64,5.96,9.45,12.85,5459,8353
67.120b,8.39,8.42,6.67,21.01,5880,7337
17.44m,0.03,-,0.00,-4.48,6232,4731
86.41m,1.25,56.31,0.00,2.27,1792,7342
665.52m,0.89,29.11,1.58,12.02,1915,2280
306.36m,0.48,24.87,0.00,10.05,6735,7037
164.20m,0.27,1.70,74.07,21.79,8853,1913
205.92m,0.64,-,6.25,-0.20,7067,9254
62.89m,0.49,4.35,2.58,9.88,3328,5397
2.956b,4.15,37.56,0.48,13.51,4190,7638
199.53m,0.09,-,0.00,-50.36,2362,4484
77.35m,0.04,-,0.00,-11.87,7454,8365
552.53m,4.28,7.63,4.67,13.36,5174,5833
650.04m,1.50,-,0.00,-,9854,7066
132.05m,0.19,-,0.00,-8.29,4835,2219
297.67m,0.30,21.74,4.00,2.04,7955,3444
19.889b,20.02,32.46,3.50,10.88,3057,4956
32.649b,16.50,17.74,4.97,14.18,6058,4249
1.183b,4.38,3.09,4.57,17.39,5614,5121
66.48m,0.11,-,0.00,-,6431,8894
177.18m,1.10,35.03,0.91,2.65,4703,4334
119.46m,0.16,35.56,0.00,1.12,5306,9520
674.63m,0.52,4.12,18.06,40.32,4793,2236
54.11m,0.01,-,0.00,-15.00,9015,3727
55.93m,0.09,-,3.53,-9.89,4673,7848
1.064b,2.77,17.69,2.53,11.60,4207,5951
48.50m,1.00,-,0.00,-3.95,5778,4254
49.44m,0.33,-,0.00,-4.08,3609,2093
28.70m,0.35,-,0.00,-,3848,3639
49.54m,0.18,9.00,3.33,7.38,4989,9545
129.25m,1.15,20.99,0.00,4.46,3060,8389
362.46m,0.95,14.48,2.63,1.58,6445,6890
319.72m,0.80,11.71,0.00,9.97,7444,7518
4.767b,3.79,21.22,0.26,23.50,4685,7319
123.74m,0.16,47.06,3.12,1.11,3097,3161
33.288b,4.04,23.79,0.93,24.26,2628,2009
55.73m,0.06,-,0.00,-0.31,1821,7540
22.42m,0.04,-,0.00,-30.31,8997,8515
291.35m,0.71,3.16,1.69,13.46,3097,2667
381.27m,1.37,6.70,3.65,10.61,3747,5723
27.35m,0.31,-,5.42,-,9725,3177
481.41m,0.62,-,0.00,-25.90,9679,1655
22.904b,16.10,12.01,2.17,7.45,2558,3668
151.28m,0.57,4.57,0.00,10.31,9567,5483
323.98m,0.49,-,0.00,-,4841,2712
156.86m,0.44,1.82,10.63,18.80,8910,6204
58.03m,0.14,-,0.00,-1.00,1968,4686
49.12m,0.08,-,0.00,-7.70,6395,3456
25.00m,0.25,-,0.00,-1.09,5722,2613
118.99m,0.43,13.92,0.70,3.03,6119,5666
81.74m,0.17,126.92,0.00,0.20,5830,1954
354.95m,2.14,8.62,4.67,10.31,4733,7937
624.36m,0.88,11.25,3.66,9.14,5105,5268
246.11m,0.46,-,0.00,-,8526,5200
92.70m,1.03,11.02,0.00,9.64,8239,7166
40.63m,0.03,-,0.00,-27.64,6370,7546
94.35m,0.21,-,0.00,-0.99,1254,2845
94.52m,0.48,11.34,8.42,2.55,8568,4873
181.77m,0.13,-,0.00,-,5433,2550
829.24m,1.89,21.02,2.86,14.27,8741,2445
119.01m,0.21,-,0.00,-2.00,5144,4631
379.53m,0.46,19.36,0.88,13.82,1217,2256
12.120b,4.98,47.07,0.70,9.98,5001,4553
60.28m,1.04,18.71,0.00,3.01,5454,1695
33.27m,0.66,-,0.00,-,8155,5557
95.91m,0.43,16.10,0.00,11.61,6913,9469
505.41m,0.39,17.65,0.00,4.09,5751,7205
1.482b,13.86,442.81,0.00,2.11,2084,5234
1.185b,1.60,9.12,4.68,14.62,7483,6141
38.37m,0.04,-,0.00,-18.23,4610,8527
21.00m,0.20,-,0.00,-,2108,7757
363.84m,0.47,9.36,3.87,17.69,4053,6461
119.42m,0.22,20.37,0.00,2.70,4529,5381
103.74m,0.53,21.90,3.54,0.02,4308,9707
441.15m,0.93,33.27,0.00,8.42,4462,8836
98.65m,0.15,48.39,1.33,1.19,4352,5930
143.89m,0.76,15.23,5.26,20.79,5815,9802
201.27m,0.13,-,0.00,-5.00,8548,9810
33.15m,0.13,-,0.00,-,3531,5780
331.33m,0.35,33.02,1.71,7.26,6952,5861
175.94m,0.34,22.19,0.00,10.71,2015,9444
23.419b,5.56,9.36,7.19,9.12,8883,3093
150.43m,0.68,11.79,2.94,8.49,2951,9795
254.61m,1.31,7.17,6.11,5.42,3283,3892
106.01m,0.37,365.00,1.37,0.38,2736,3061
118.16m,0.25,1250.00,0.00,0.03,4970,2967
46.23m,0.29,-,4.66,-,6668,6785
265.42m,0.13,15.66,0.00,4.61,5328,5694
505.00m,0.51,-,0.00,-,5301,7669
20.53m,0.17,-,0.00,-,5541,6892
226.98m,3.50,9.88,6.86,6.08,4403,8505
33.02m,0.06,-,0.00,-4.30,1320,6139
490.22m,3.58,5.71,1.40,11.58,5143,1933
60.65m,0.19,-,0.00,-,3189,1955
172.11m,0.17,170.00,0.00,0.22,2254,6910
127.95m,0.30,-,0.00,-4.40,7675,6017
2.665b,4.92,30.64,0.71,11.90,4728,2361
290.68m,0.76,24.35,0.00,13.84,8546,3421
408.00m,0.75,5.49,6.00,26.78,1959,8299
35.08m,0.03,-,0.00,-32.70,7984,9821
56.04m,0.77,22.45,4.42,2.42,2151,2709
639.16m,0.04,-,0.00,-4501.00,8355,7608
35.60m,0.26,-,0.00,-279.04,9689,7381
40.34m,0.10,-,0.00,-7.55,3703,5135
34.71m,0.04,-,0.00,-3.45,6694,5027
215.58m,3.25,-,2.15,-3.24,8475,3931
91.64m,0.36,4.99,0.00,4.39,9395,6903
41.89m,0.11,-,0.00,-,6373,8722
53.70m,0.05,-,0.00,-,2695,9642
47.29m,0.34,14.08,2.99,7.28,4413,4189
268.00m,0.34,25.57,0.63,3.74,3755,9564
160.69m,0.83,5.84,7.73,13.05,1757,5617
78.58m,0.14,-,0.00,-42.88,7444,9617
366.12m,1.03,11.64,6.80,27.66,9708,8681
5.382b,3.47,13.13,2.59,13.22,1299,2262
765.55m,2.18,17.74,2.29,11.70,7726,5841
103.13m,0.53,-,0.00,-19.59,5086,2174
5.47m,0.01,-,0.00,-,7616,2223
18.73m,0.04,-,0.00,-,9975,2649
1.265b,1.66,39.81,0.90,9.70,5129,8337
173.05m,0.15,28.85,0.00,2.94,6624,7013
183.23m,0.43,-,0.00,-0.51,2942,9515
235.54m,0.58,15.05,1.30,18.19,8561,7141
105.77m,0.17,15.74,0.00,0.94,5717,5153
57.80m,0.20,13.33,0.00,1.37,6704,6846
35.00m,0.07,-,0.00,-25.91,6857,7009
89.60m,1.12,17.39,0.00,17.41,9067,5669
104.21m,0.30,39.47,0.00,6.39,3585,4853
82.03m,1.02,3.13,3.53,28.23,9449,3983
25.76m,0.10,-,0.00,-,6766,4839
790.90m,0.63,17.31,4.80,33.12,5462,7823
1.924b,1.56,23.82,1.67,66.84,8112,6002
70.30m,0.09,-,0.00,-42.26,4455,6690
342.51m,0.66,-,4.55,-,4213,3505
1.005b,0.67,15.02,1.94,13.31,1359,4951
921.73m,0.86,14.03,8.62,5.14,1262,5639
93.18m,0.03,-,0.00,-57.57,8500,7460
673.20m,0.77,73.33,0.00,4.38,7815,2978
48.93m,0.09,-,0.00,-5.17,3363,4605
1.392b,1.74,-,0.29,-,3994,7440
27.44m,0.30,-,0.00,-,5981,5520
1.492b,3.39,-,0.00,-8.33,5444,9346
90.79m,0.31,4.00,0.00,8.81,1702,3071
68.50m,0.69,13.30,0.00,6.96,7502,8799
467.30m,1.93,9.58,4.66,5.64,2294,9405
73.45m,0.15,-,0.00,-,7694,6557
510.78m,1.73,-,0.00,-,5855,8378
14.573b,2.14,13.21,5.37,6.89,5534,8153
28.285b,4.09,10.85,4.96,15.98,7280,5734
3.060b,0.45,14.33,2.22,2.28,3671,9397
50.32m,0.06,-,0.00,-8.11,8587,1767
114.05m,2.35,-,0.00,-2.04,8760,3331
45.54m,0.35,4.76,0.00,9.54,7001,5181
120.00m,0.75,-,0.52,-,4774,1756
2.594b,1.66,14.86,3.34,20.31,9833,2203
49.53m,0.39,-,3.85,-,9082,6723
272.59m,0.86,13.37,6.40,10.42,2655,5760
483.98m,0.73,43.67,0.92,6.15,4060,7499
43.17m,0.11,-,0.00,-12.74,5586,3303
43.24m,0.08,-,0.00,-6.76,1197,4917
44.09m,0.21,-,0.00,-3.01,5374,6611
52.59m,0.21,-,0.95,-,3907,4790
27.78m,0.62,42.76,0.00,1.14,8399,1596
51.47m,0.12,-,0.00,-,8985,2062
39.80m,0.05,-,0.00,-,3937,4607
72.99m,0.32,-,0.00,-38.50,4479,2443
42.22m,0.20,-,0.85,-,8994,8589
443.51m,0.28,-,0.00,-,6694,5355
79.42m,0.14,-,0.00,-67.25,9153,2708
96.08m,0.19,9.54,1.62,5.24,6375,1544
61.83m,0.14,2.23,14.29,26.06,4387,2227
1.949b,2.19,2.85,3.04,21.15,5399,1618
81.06m,0.20,13.54,0.00,7.58,2699,3907
413.69m,1.97,14.58,2.28,6.03,5350,6481
2.343b,0.58,8.31,1.13,2.35,8531,2594
2.378b,1.76,14.72,3.98,17.85,6296,9874
16.67m,0.09,-,0.00,-18.83,3093,7602
384.62m,0.65,-,0.00,-15.01,1805,7213
203.10m,0.28,-,0.00,-11.40,5199,6730
64.32m,0.96,52.17,2.60,2.45,1329,4096
117.77m,0.13,14.37,1.60,4.97,2124,9312
163.02m,0.78,-,0.00,-,3869,8521
176.56m,0.70,8.61,2.57,5.31,1530,3129
1.939b,1.50,12.85,3.50,21.22,3737,5594
222.24m,0.95,-,0.00,-,3975,1781
4.795b,1.40,-,3.71,-,8562,7989
340.45m,0.38,15.26,5.26,2.13,7831,6682
7.747b,1.57,2.72,1.59,27.46,2331,4696
154.82m,0.22,67.19,0.00,1.88,1053,7637
100.80m,0.63,21.14,2.38,3.29,8221,2133
1.836b,0.68,2.51,11.85,14.79,7557,7061
81.60m,0.68,-,4.31,-,2119,9140
359.65m,1.04,10.52,3.85,2.96,8366,9869
449.35m,0.51,8.20,3.56,8.47,3302,2744
543.20m,1.94,3.67,10.31,20.57,2523,9238
59.14m,0.22,28.29,0.00,1.52,8085,3923
72.86m,0.18,60.34,0.00,0.43,9459,7367
157.88m,0.28,-,4.55,-14.97,2222,3636
279.41m,0.39,6.11,5.13,4.20,9006,4834
810.00m,0.68,5.71,0.00,12.85,7045,5637
57.37m,0.17,-,1.21,-0.78,9690,4602
238.47m,0.32,18.86,1.59,4.51,8699,6458
1.437b,3.23,3.63,9.29,22.71,1112,2380
185.92m,0.49,24.14,0.00,10.68,1193,7169
2.763b,3.30,7.17,3.64,20.00,2662,9185
64.43m,0.02,-,0.00,-2.06,8554,5563
1.824b,0.91,24.26,7.29,9.14,4194,4902
318.50m,0.73,4.68,8.14,9.56,8714,9329
538.82m,0.31,-,0.00,-6.99,1949,4184
33.30m,0.19,-,0.00,-1.61,9010,8787
640.00m,0.80,8.66,3.12,14.00,4590,2656
136.11m,0.39,2.47,12.82,20.01,3993,9874
154.07m,0.05,-,0.00,-0.59,7145,1536
766.08m,1.14,-,1.32,-0.50,1173,3500
95.55m,0.25,-,0.00,-7.76,6515,9021
63.28m,0.08,-,0.00,-35.33,5766,7256
292.89m,0.17,-,3.76,-1.93,3160,8074
46.11m,1.15,1.53,2.61,0.33,7017,8712
174.70m,0.33,15.57,4.55,7.07,7657,7385
55.37m,0.03,0.25,0.00,220.00,4740,2275
110.00m,0.31,7.55,9.84,6.52,1126,7984
829.98m,1.03,19.92,1.26,8.48,8801,1986
46.312b,8.05,12.70,4.97,6.25,9704,1504
211.51m,0.71,9.44,0.00,6.85,6659,1688
375.33m,2.97,10.00,3.37,17.87,6502,6155
108.88m,0.43,17.14,0.00,5.28,6406,8374
29.29m,0.05,-,0.00,-,7980,7111
89.64m,1.09,5.62,4.13,14.79,7755,6670
1.019b,2.60,10.22,2.12,12.54,1104,9133
96.14m,0.82,-,0.00,-0.53,2758,4807
349.12m,0.40,5.82,3.80,8.82,1025,1783
71.10m,0.13,-,0.00,-14.24,7786,3668
140.40m,0.97,334.48,5.77,0.14,7242,7205
8.485b,4.62,20.30,4.63,13.23,6806,6353
41.41m,0.47,5.67,4.30,12.13,8906,7369
327.03m,0.24,600.00,0.00,0.05,8515,7247
83.96m,0.27,16.67,3.77,4.68,1909,6050
20.719b,5.47,19.38,2.38,13.29,7332,3056
1.010b,0.58,24.37,0.47,5.06,6858,8382
316.70m,0.60,80.00,1.67,0.49,4427,4711
132.80m,2.04,63.75,0.00,3.48,7541,3622
118.50m,0.86,2.00,3.51,17.43,7187,3682
172.45m,0.40,-,0.00,-,8000,8488
454.97m,2.89,5.18,6.92,16.23,2805,2352
21.18m,0.03,0.14,0.00,21300.00,8969,8106
5.129b,0.63,21.70,1.92,4.11,3865,8573
187.86m,0.74,-,1.09,-,8486,8719
72.98m,0.62,-,1.61,-,5923,3308
55.48m,0.18,18.75,0.00,4.57,1562,4770
144.15m,0.30,6.59,4.00,4.69,2520,2283
64.74m,0.39,6.05,2.56,12.17,5899,4129
56.86m,0.05,4.21,0.00,11.89,2035,5466
2.439b,1.22,-,0.00,-2.41,8381,4202
1.271b,0.92,4.75,3.26,15.06,4197,1913
31.40m,0.18,-,0.00,-2.17,7010,4608
195.46m,0.26,-,0.00,-6.85,4018,6996
74.52m,0.69,15.97,2.90,4.11,6874,7088
37.74m,0.17,17.93,0.00,1.70,3466,3573
167.86m,0.05,-,0.00,-4.36,9643,9372
131.84m,0.47,22.38,3.94,1.13,1248,8222
1.479b,3.25,13.76,6.15,52.49,8539,5504
34.20m,0.06,-,0.00,-141.00,1489,7802
1.315b,0.26,-,0.00,-2.42,5710,4864
228.69m,1.05,5.16,3.81,13.12,1997,4457
299.13m,0.80,-,0.00,-,4638,7595
1.122b,5.35,10.26,2.80,7.78,4782,3688
78.12m,1.92,19.98,3.12,2.36,9981,2633
74.40m,0.93,6.54,3.23,9.54,5756,4483
3.493b,2.99,8.72,1.94,9.60,5178,8435
223.14m,1.48,8.77,3.04,8.12,1467,2265
90.00m,0.23,-,0.00,-,9909,7428
4.194b,2.60,11.84,1.92,14.81,8304,9692
351.56m,0.23,-,3.64,-,3032,1704
577.81m,0.79,-,0.00,-,5171,3218
3.926b,1.63,19.36,6.13,3.58,9265,9488
749.91m,1.11,17.82,7.78,4.36,3290,3348
166.33m,2.09,18.63,3.83,3.26,5397,8681
90.02m,0.27,-,0.56,-,3625,7745
5.969b,14.34,-,8.02,-,7580,6764
4.317b,3.92,40.37,0.74,26.97,9492,2135
126.73m,0.36,23.08,0.00,1.07,2687,7364
944.79m,0.12,-,0.00,-5.93,6185,9491
144.25m,0.52,257.50,0.00,0.71,2560,4785
188.97m,0.20,-,0.00,-,4393,9076
107.45m,0.62,11.71,2.44,15.00,8829,7802
6.830b,7.23,36.01,0.63,24.22,1491,5691
112.62m,0.06,-,0.00,-13.14,4144,7996
71.78m,0.44,-,2.99,-,9407,7691
3.732b,0.97,22.00,3.09,7.74,9920,2590
48.35m,0.01,-,0.00,-25.00,9046,4192
385.20m,1.07,6.73,5.33,14.73,9889,9820
73.89m,0.08,-,0.00,-51.00,9014,7398
128.80m,0.81,16.63,2.48,3.87,8107,9024
68.54m,1.02,-,0.00,-6.84,5520,6525
468.81m,0.61,-,0.00,-15.62,1533,3019
43.08m,0.51,-,0.00,-1.34,9721,4643
687.17m,0.23,-,0.00,-10.21,3871,2236
581.44m,0.41,5.55,1.22,3.37,4396,4774
107.26m,0.20,10.48,2.56,8.86,6432,9635
562.68m,1.13,15.76,6.19,28.57,9905,9871
990.90m,0.36,12.12,0.00,22.85,2268,6786
166.16m,0.34,10.70,4.48,8.24,1891,3379
42.24m,0.10,-,0.00,-5.39,7664,9499
98.34m,0.39,30.47,2.56,3.88,6603,9064
25.60m,0.64,14.10,0.00,5.16,5219,8907
10.435b,3.06,14.17,5.81,23.57,2584,5277
144.00m,0.60,3.04,5.00,7.23,9894,8013
235.86m,0.49,9.01,3.06,3.11,2302,9434
42.32m,0.02,-,0.00,-10.80,2006,5907
56.24m,0.22,26.19,0.00,1.04,5875,3313
146.17m,0.67,131.37,0.00,0.81,6865,7644
101.02m,0.02,-,0.00,-30.19,2259,5725
22.71m,0.02,-,0.00,-10.20,4328,8363
22.40m,0.03,-,0.00,-14.71,8935,9626
156.21m,0.72,12.52,0.00,4.02,4345,4632
103.42m,0.36,-,0.00,-,6977,4556
173.66m,0.69,23.23,0.00,10.61,6333,6126
234.00m,0.78,11.17,3.85,10.45,8809,1708
138.43m,0.26,-,1.15,-,4985,8644
31.94m,0.13,-,0.00,-8.89,4953,7850
6.563b,2.15,15.40,1.40,3.76,8584,9140
53.98m,0.12,12.50,0.00,6.40,1198,2504
26.25m,0.26,-,0.00,-4.99,2445,6308
2.137b,4.04,159.06,0.00,1.10,4579,4059
177.60m,1.11,5.24,3.60,12.10,8955,6844
83.18m,0.22,-,0.00,-458.45,5294,5454
283.44m,2.01,11.10,3.98,7.24,6688,6977
6.393b,0.58,10.80,5.17,4.59,4396,7826
5.670b,0.70,4.51,6.47,8.71,4918,8903
1.525b,0.90,18.19,4.41,3.02,9158,8547
70.71m,0.19,-,0.00,-,9770,3180
55.28m,0.38,-,0.00,-,3109,4516
38.02m,0.05,4.74,0.00,8.64,2012,2471
20.21m,0.03,7.81,0.00,4.51,6411,2345
887.80m,1.93,14.74,8.81,11.42,1398,2849
